City_ID,City,Lat,Lng,Max Temp,Humidity,Cloudiness,Wind Speed,Country,Date
0,North Shore,-36.8,174.75,65.39,67,100,8.99,NZ,1682635855
1,Datong,40.0936,113.2914,48.51,55,37,6.82,CN,1682635855
2,Grytviken,-54.2811,-36.5092,36.28,83,44,7.92,GS,1682635855
3,Papatowai,-46.5619,169.4708,55.47,76,7,2.28,NZ,1682635856
4,Blackmans Bay,-43.0167,147.3167,64.53,85,24,9.69,AU,1682635856
5,Yuzhno-Kurilsk,44.0306,145.8556,45.73,73,49,20.22,RU,1682635856
6,Acapulco De Juarez,16.8634,-99.8901,85.82,62,75,13.8,MX,1682635821
7,Adamstown,-25.066,-130.1015,74.97,65,89,4.97,PN,1682635856
8,Big Lake,45.3325,-93.7461,60.58,82,100,2.98,US,1682635856
9,Port Alfred,-33.5906,26.891,65.17,85,89,1.01,ZA,1682635856
10,Whakatane,-37.9585,176.9854,60.89,75,100,4.0,NZ,1682635856
11,West Island,-12.1568,96.8225,80.58,89,75,12.66,CC,1682635857
12,Invercargill,-46.4,168.35,53.02,82,51,1.99,NZ,1682635857
13,Bekovo,52.4663,43.712,54.0,62,57,4.27,RU,1682635857
14,Port-Aux-Francais,-49.35,70.2167,42.44,68,84,27.51,TF,1682635857
15,Kapuskasing,49.4169,-82.4331,39.29,87,100,14.97,CA,1682635857
16,Bilibino,68.0546,166.4372,20.16,66,10,1.12,RU,1682635857
17,Obihiro,42.9172,143.2044,52.72,51,22,8.63,JP,1682635760
18,Ambovombe,-25.1667,46.0833,69.15,86,2,12.66,MG,1682635857
19,Sitka,57.0531,-135.33,44.49,81,100,11.5,US,1682635858
20,Taroa,8.7058,171.2275,81.05,83,40,14.45,MH,1682635858
21,Fomboni,-12.28,43.7425,82.45,77,9,9.91,KM,1682635858
22,Gornyy,55.1153,83.9059,48.51,68,100,8.79,RU,1682635858
23,Stanley,54.868,-1.6985,44.76,82,20,6.91,GB,1682635823
24,Tiksi,71.6872,128.8694,17.76,86,15,1.45,RU,1682635858
25,Saipan,15.1355,145.701,81.3,94,40,23.02,MP,1682635858
26,Puerto Natales,-51.7236,-72.4875,38.52,94,79,5.14,CL,1682635630
27,Afaahiti,-17.75,-149.2833,85.87,77,86,9.28,PF,1682635858
28,Gladstone,-23.85,151.25,75.78,60,3,8.05,AU,1682635859
29,Lazaro Cardenas,17.9583,-102.2,83.01,54,100,10.76,MX,1682635859
30,Alaghsas,17.0187,8.0168,86.49,14,26,5.93,NE,1682635859
31,Margaret River,-33.95,115.0667,54.09,72,86,5.08,AU,1682635859
32,Thompson,55.7435,-97.8558,41.16,48,20,12.66,CA,1682635859
33,Sao Miguel Do Araguaia,-13.275,-50.1628,77.97,64,29,4.56,BR,1682635859
34,Barah,13.7,30.3667,88.0,18,80,9.78,SD,1682635859
35,Albany,42.6001,-73.9662,59.43,47,45,1.77,US,1682635859
36,Lompoc,34.6391,-120.4579,83.79,78,75,6.91,US,1682635683
37,Alto Lucero,19.6167,-96.7167,76.64,68,90,6.53,MX,1682635860
38,Edinburgh Of The Seven Seas,-37.0676,-12.3116,61.9,78,81,11.92,SH,1682635860
39,Selkirk,50.1436,-96.8845,52.16,66,70,12.1,CA,1682635860
40,Kristiansund,63.1115,7.732,38.05,56,75,9.22,NO,1682635860
41,Oriximina,-1.7656,-55.8661,77.5,91,95,3.31,BR,1682635860
42,Karema,-6.8205,30.4389,71.46,82,64,5.44,TZ,1682635860
43,Port Elizabeth,-33.918,25.5701,65.1,92,40,6.91,ZA,1682635860
44,Waitangi,-43.9535,-176.5597,54.82,77,99,5.01,NZ,1682635860
45,Vallenar,-28.5708,-70.7581,65.28,61,1,3.06,CL,1682635861
46,Polyarnyy,69.1989,33.4478,25.56,83,19,12.12,RU,1682635861
47,Puerto Ayora,-0.7393,-90.3518,87.76,88,65,5.01,EC,1682635861
48,Minas De Marcona,-15.2119,-75.1103,63.79,79,9,12.53,PE,1682635861
49,Mili,6.0815,171.735,82.72,77,86,17.13,MH,1682635861
50,La Punta,-33.1837,-66.3127,65.12,48,9,7.34,AR,1682635861
51,Kodiak,57.79,-152.4072,42.31,75,100,12.66,US,1682635861
52,Jamestown,42.097,-79.2353,60.44,38,0,9.22,US,1682635697
53,Breyten,-26.3018,29.987,56.28,77,28,4.07,ZA,1682635862
54,Arraial Do Cabo,-22.9661,-42.0278,75.16,88,20,8.05,BR,1682635818
55,Campana,-34.1687,-58.9591,69.1,74,77,4.12,AR,1682635706
56,Aasiaat,68.7098,-52.8699,23.02,94,18,3.0,GL,1682635862
57,San Antonio De Pale,-1.4014,5.6325,82.81,73,99,3.6,GQ,1682635862
58,Margate,51.3813,1.3862,49.89,81,100,5.99,GB,1682635862
59,Daru,-9.0763,143.2092,81.36,83,95,12.37,PG,1682635862
60,Keflavik,64.0049,-22.5624,35.51,86,75,10.36,IS,1682635863
61,Sungai Penuh,-2.0833,101.3833,64.22,97,76,2.21,ID,1682635863
62,Wailua Homesteads,22.0669,-159.378,81.03,66,0,11.5,US,1682635863
63,Dudinka,69.4058,86.1778,-0.8,100,99,2.59,RU,1682635863
64,Ormara,25.2088,64.6357,78.58,77,19,4.83,PK,1682635863
65,Avarua,-21.2078,-159.775,78.85,69,100,6.91,CK,1682635863
66,Qaqortoq,60.7167,-46.0333,35.15,80,8,4.47,GL,1682635864
67,Loreto,22.2667,-101.9667,82.54,5,2,20.49,MX,1682635864
68,Lihue,21.9789,-159.3672,81.64,66,0,11.5,US,1682635864
69,Kagizman,40.1567,43.1342,44.87,78,32,5.26,TR,1682635864
70,Oum Hadjer,13.2954,19.6966,89.11,11,41,8.5,TD,1682635864
71,Talnakh,69.4865,88.3972,9.25,96,90,3.13,RU,1682635864
72,Kisanga,-7.4362,37.7034,74.28,79,78,2.82,TZ,1682635865
73,Tres Arroyos,-38.3739,-60.2798,64.54,55,98,8.81,AR,1682635865
74,Tyukhtet,56.5389,89.3011,47.41,90,100,10.74,RU,1682635865
75,Tura,25.5198,90.2201,74.08,49,72,1.54,IN,1682635865
76,Hamilton,39.1834,-84.5333,67.44,42,0,12.66,US,1682635569
77,Yellowknife,62.456,-114.3525,41.52,75,75,16.11,CA,1682635865
78,Saint-Joseph,-21.3667,55.6167,69.48,81,43,9.53,RE,1682635720
79,Yanliang,34.6592,109.2292,56.39,83,99,6.42,CN,1682635866
80,Antonio Enes,-16.2325,39.9086,76.96,72,56,9.26,MZ,1682635866
81,Bardai,11.65,7.2333,75.15,72,100,19.33,NG,1682635866
82,San Patricio,28.017,-97.5169,82.17,56,45,6.08,US,1682635866
83,Lebu,-37.6167,-73.65,58.14,93,100,11.5,CL,1682635639
84,Pechora,65.1472,57.2244,22.91,90,98,10.74,RU,1682635866
85,Urmary,55.6789,47.944,51.33,85,23,4.32,RU,1682635866
86,Morinville,53.8001,-113.652,59.88,26,75,12.66,CA,1682635867
87,Las Palmas,28.4204,-14.0131,66.99,73,0,10.36,ES,1682635867
88,Mar Del Plata,-38.0023,-57.5575,62.1,89,0,5.75,AR,1682635867
89,Bengkulu,-3.8004,102.2655,75.25,93,99,4.21,ID,1682635867
90,Tofol,5.3248,163.0078,80.38,89,100,3.44,FM,1682635867
91,Ghadamis,30.1337,9.5007,79.0,15,0,9.01,LY,1682635867
92,Mumford,5.2618,-0.759,75.15,91,100,17.16,GH,1682635867
93,Anadyr,64.75,177.4833,16.3,78,0,8.95,RU,1682635867
94,Nuuk,64.1835,-51.7216,36.21,80,0,17.27,GL,1682635868
95,Tari,12.4086,4.4914,87.98,40,50,10.38,NG,1682635868
96,Iskateley,67.6803,53.1512,23.68,89,99,8.99,RU,1682635868
97,Quincy,42.2529,-71.0023,55.98,85,100,6.91,US,1682635779
98,Colonia,50.9333,6.95,54.95,60,0,5.75,DE,1682635868
99,Kourou,5.1552,-52.6478,77.05,91,96,5.97,GF,1682635868
100,Palikir - National Government Center,6.9248,158.1611,83.25,83,100,13.8,FM,1682635868
101,Inarajan Village,13.2736,144.7484,83.39,89,20,19.55,GU,1682635869
102,Gamba,-2.65,10.0,78.37,87,100,4.21,GA,1682635869
103,Praia Da Vitoria,38.7333,-27.0667,64.65,77,40,21.16,PT,1682635869
104,Boyolangu,-8.1181,111.8935,75.92,93,100,0.81,ID,1682635869
105,Ulanhot,46.0833,122.0833,49.62,52,91,2.84,CN,1682635869
106,Tadine,-21.55,167.8833,75.31,72,77,17.6,NC,1682635869
107,Lovisa,60.4566,26.2251,38.28,77,100,5.93,FI,1682635869
108,Tarakan,3.3,117.6333,78.3,94,20,3.44,ID,1682635758
109,Hermanus,-34.4187,19.2345,60.08,83,17,11.16,ZA,1682635870
110,Novoishimskiy,53.1981,66.7694,59.83,46,100,8.05,KZ,1682635870
111,Iqaluit,63.7506,-68.5145,29.93,100,100,12.66,CA,1682635870
112,Natal,-5.795,-35.2094,83.05,78,20,8.05,BR,1682635870
113,Kuanda,56.3161,116.0806,30.65,59,28,1.01,RU,1682635870
114,Matoury,4.8483,-52.3317,76.96,94,0,0.0,GF,1682635870
115,Vadso,70.0744,29.7487,34.68,93,66,10.36,NO,1682635871
116,Ifanadiana,-21.3,47.6333,65.05,98,93,1.59,MG,1682635871
117,Dila,6.4167,38.3167,62.47,96,100,1.66,ET,1682635871
118,Mirny,62.5353,113.9611,28.24,74,99,1.99,RU,1682635871
119,Longyearbyen,78.2186,15.6401,26.44,93,100,13.8,SJ,1682635871
120,Morwa,22.9,73.8333,79.72,46,58,1.9,IN,1682635871
121,Gurupi,-11.7292,-49.0686,78.85,59,19,1.61,BR,1682635871
122,Ampanihy,-24.7,44.75,63.7,95,0,6.49,MG,1682635872
123,El Colomo,19.05,-104.25,82.38,52,31,8.79,MX,1682635872
124,Tsushima,35.1667,136.7167,65.16,62,63,2.44,JP,1682635872
125,Monte Caseros,-30.2536,-57.6363,65.48,69,6,2.68,AR,1682635872
126,Tocopilla,-22.092,-70.1979,70.68,72,5,8.41,CL,1682635872
127,Qui Nhon,13.7667,109.2333,76.3,87,55,4.99,VN,1682635872
128,Young,-32.6833,-57.6333,64.53,66,64,4.34,UY,1682635872
129,Puerto Baquerizo Moreno,-0.9,-89.6,83.39,74,20,6.91,EC,1682635872
130,Cidreira,-30.1811,-50.2056,64.96,78,1,6.06,BR,1682635873
131,Tolanaro,-25.0319,46.9987,71.67,88,75,6.91,MG,1682635873
132,St. John'S,47.5649,-52.7093,36.16,90,75,14.0,CA,1682635773
133,Micheweni,-4.9667,39.8333,78.69,83,97,15.43,TZ,1682635873
134,Camana,-16.6228,-72.7111,69.82,85,60,6.13,PE,1682635873
135,Coquimbo,-29.9533,-71.3436,58.73,82,75,9.22,CL,1682635873
136,Egilsstadir,65.2653,-14.3948,28.31,74,75,9.22,IS,1682635873
137,Ojinaga,29.5667,-104.4167,88.57,16,0,3.44,MX,1682635873
138,Tonota,-21.4833,27.4833,65.84,55,3,6.29,BW,1682635874
139,Ushuaia,-54.8,-68.3,42.42,65,40,18.41,AR,1682635874
140,Sittwe,20.15,92.9,80.24,77,14,6.33,MM,1682635874
141,Ramadi,33.4226,43.3058,78.64,13,2,11.68,IQ,1682635850
142,Hawaiian Paradise Park,19.5933,-154.9731,81.91,72,0,13.8,US,1682635874
143,Port Mathurin,-19.6833,63.4167,78.6,81,64,14.9,MU,1682635874
144,Sisimiut,66.9395,-53.6735,30.24,83,15,9.71,GL,1682635874
145,Al Kharj,24.155,47.3346,77.58,33,15,7.63,SA,1682635875
146,Inebolu,41.9747,33.7608,52.52,98,100,8.34,TR,1682635875
147,Punta Arenas,-53.15,-70.9167,41.11,65,0,4.61,CL,1682635875
148,Ribeira Grande,38.5167,-28.7,60.78,89,14,5.99,PT,1682635875
149,Carnarvon,-24.8667,113.6333,66.74,52,93,23.44,AU,1682635875
150,Port Lincoln,-34.7333,135.8667,60.08,51,87,15.86,AU,1682635875
151,Fort Bragg,35.139,-79.006,66.81,85,100,8.05,US,1682635876
152,Remire-Montjoly,4.9167,-52.2667,77.04,94,0,0.0,GF,1682635876
153,Sapele,5.8941,5.6767,73.53,90,100,4.34,NG,1682635876
154,Fort St. John,56.2499,-120.8529,55.29,30,75,21.85,CA,1682635876
155,Peterhead,57.5058,-1.7981,45.0,94,100,23.51,GB,1682635876
156,College,64.8569,-147.8028,44.92,46,40,6.91,US,1682635871
157,Imbituba,-28.24,-48.6703,67.17,86,1,8.41,BR,1682635849
158,Bethel,41.3712,-73.414,55.36,79,75,6.91,US,1682635876
159,Namtsy,62.7161,129.6658,29.89,96,100,4.38,RU,1682635877
160,Saint-Pierre,-21.3393,55.4781,70.57,88,100,5.75,RE,1682635877
161,Hanceville,34.0607,-86.7675,69.62,97,100,4.47,US,1682635799
162,Isafjordur,66.0755,-23.124,29.12,65,13,6.98,IS,1682635877
163,Le Port,-20.9373,55.2919,71.56,88,21,3.87,RE,1682635877
164,Acarau,-2.8856,-40.12,75.85,89,100,5.21,BR,1682635679
165,San Juan,-31.5375,-68.5364,74.25,33,2,9.19,AR,1682635802
166,Prince George,53.9166,-122.753,60.26,28,75,9.22,CA,1682635842
167,Big Spring,32.2504,-101.4787,80.11,18,0,11.5,US,1682635878
168,Mil'Kovo,55.6078,37.7956,55.8,86,44,5.86,RU,1682635878
169,Al Bawiti,28.3492,28.8659,64.69,67,0,12.46,EG,1682635878
170,Vanino,49.0869,140.2543,42.21,49,5,4.03,RU,1682635878
171,Udachny,66.4167,112.4,17.65,95,77,4.34,RU,1682635878
172,Eureka,40.8021,-124.1637,71.2,68,15,5.99,US,1682635879
173,Pisco,-13.7,-76.2167,73.45,78,0,16.11,PE,1682635879
174,Sucua,-2.4667,-78.1667,75.94,83,75,2.3,EC,1682635879
175,Ghat,24.9647,10.1728,82.02,18,79,5.01,LY,1682635879
176,Mount Isa,-20.7333,139.5,73.17,49,45,2.3,AU,1682635879
177,Maintirano,-18.0667,44.0167,77.43,75,4,9.28,MG,1682635879
178,Val-D'Or,48.1002,-77.7828,46.49,46,75,11.5,CA,1682635843
179,Inirida,3.8653,-67.9239,76.14,93,75,0.4,CO,1682635880
180,Box Elder,41.5005,-112.8764,65.23,36,100,18.37,US,1682635880
181,Katsuura,35.1333,140.3,65.46,65,21,16.2,JP,1682635880
182,Tangalle,6.024,80.7911,77.81,89,96,5.66,LK,1682635880
183,Taltal,-25.4,-70.4833,65.21,81,37,5.77,CL,1682635880
184,Naze,28.3667,129.4833,68.92,73,99,10.76,JP,1682635880
185,Tamanrasset,22.785,5.5228,82.31,10,40,11.5,DZ,1682635880
186,Chissamba,-12.1667,17.3333,58.8,70,8,3.91,AO,1682635880
187,Cabo San Lucas,22.8909,-109.9124,83.61,41,0,11.5,MX,1682635863
188,Lyantonde,-0.4031,31.1572,62.35,96,48,2.17,UG,1682635881
189,Badger,64.8,-147.5333,44.85,44,40,6.91,US,1682635881
190,Balkanabat,39.5108,54.3671,75.0,43,99,4.65,TM,1682635881
191,Moranbah,-22.0016,148.0466,70.43,73,36,15.39,AU,1682635881
192,Guiuan,11.0333,125.7247,83.46,77,76,12.84,PH,1682635881
193,San Luis De La Loma,17.2706,-100.8939,84.43,54,25,9.31,MX,1682635882
194,Ilulissat,69.2167,-51.1,30.22,86,20,3.44,GL,1682635583
195,Betio Village,1.358,172.9211,86.04,77,22,13.6,KI,1682635882
196,Hastings,50.8552,0.5729,54.12,55,100,8.57,GB,1682635872
197,Utrik,11.2278,169.8474,80.31,83,64,20.45,MH,1682635882
198,Pandan,14.0453,124.1694,81.5,83,20,9.55,PH,1682635882
199,Namibe,-15.1961,12.1522,74.17,75,27,0.36,AO,1682635843
200,Kudahuvadhoo,2.6708,72.8944,83.59,71,96,4.12,MV,1682635882
201,Georgetown,5.4112,100.3354,80.53,94,20,3.44,MY,1682635620
202,Antigonish,45.6169,-61.9986,43.14,79,100,1.99,CA,1682635883
203,Siwa Oasis,29.2041,25.5195,65.89,49,0,10.54,EG,1682635883
204,Ulety,51.3572,112.4849,35.4,73,92,2.8,RU,1682635883
205,Linden,6.0,-58.3,75.13,96,52,3.98,GY,1682635883
206,Nemuro,43.3236,145.575,44.46,70,26,10.47,JP,1682635883
207,Vila Velha,-20.3297,-40.2925,78.75,91,75,14.97,BR,1682635884
208,El Porvenir,13.7617,-87.3458,88.93,59,93,5.66,HN,1682635884
209,Progreso,21.2833,-89.6667,102.11,65,90,15.35,MX,1682635884
210,Hasaki,35.7333,140.8333,71.22,67,29,16.82,JP,1682635884
211,Kill Devil Hills,36.0307,-75.676,60.98,82,0,11.5,US,1682635884
212,Thunder Bay,48.4001,-89.3168,49.98,62,100,10.36,CA,1682635816
213,Coahuayana De Hidalgo,18.7,-103.6583,84.56,46,3,7.49,MX,1682635884
214,Novoagansk,61.9449,76.6625,34.86,100,100,5.55,RU,1682635884
215,Vorgashor,67.5833,63.95,20.62,93,57,13.53,RU,1682635885
216,Juneau,58.3019,-134.4197,40.41,95,100,14.97,US,1682635703
217,Salekhard,66.53,66.6019,20.64,85,100,12.26,RU,1682635885
218,Vila Franca Do Campo,37.7167,-25.4333,63.01,90,100,12.53,PT,1682635885
219,Mount Pearl,47.5166,-52.7813,35.33,89,75,11.5,CA,1682635885
220,Playa Vicente,17.8333,-95.8167,106.39,18,68,11.88,MX,1682635885
221,Hotan,37.0997,79.9269,53.64,48,53,6.58,CN,1682635833
222,Fort Abbas,29.1925,72.8536,82.83,29,97,7.49,PK,1682635886
223,Pasni,25.2631,63.471,78.57,78,80,6.31,PK,1682635886
224,Susuman,62.7833,148.1667,25.2,81,94,3.53,RU,1682635886
225,Hadibu,12.65,54.0333,82.9,75,40,8.32,YE,1682635886
226,Carbonear,47.7332,-53.2148,36.61,88,37,9.73,CA,1682635886
227,Zuyevka,58.405,51.1335,43.54,90,90,10.89,RU,1682635886
228,Tidjikja,18.5564,-11.4271,89.47,10,0,9.28,MR,1682635886
229,Vilyuchinsk,52.9306,158.4028,39.47,66,100,29.04,RU,1682635887
230,Anxiang,29.4,112.15,64.58,88,99,2.42,CN,1682635887
231,Swakopmund,-22.6833,14.5333,58.98,87,4,5.99,NA,1682635887
232,Corral De Almaguer,39.7545,-3.1865,69.91,28,98,11.43,ES,1682635887
233,Vernon,50.2581,-119.2691,68.94,16,100,3.44,CA,1682635887
234,Roncade,45.63,12.3742,54.12,79,0,3.44,IT,1682635887
235,Gbarnga,6.9956,-9.4722,72.3,97,12,1.86,LR,1682635887
236,Salavan,15.7167,106.4167,73.87,84,13,2.08,LA,1682635888
237,Tshabong,-26.05,22.45,70.38,51,33,2.93,BW,1682635888
238,Parnarama,-5.6817,-43.0933,73.96,98,100,2.39,BR,1682635888
239,Rudsar,37.1376,50.288,63.32,80,1,3.02,IR,1682635888
240,Mont-Dore,-22.2833,166.5833,77.0,99,83,11.97,NC,1682635888
241,Benguela,-12.5763,13.4055,78.04,88,32,3.44,AO,1682635888
242,Novyy Urgal,51.0736,132.5642,36.07,51,1,4.38,RU,1682635888
243,Walvis Bay,-22.9575,14.5053,59.09,64,1,10.89,NA,1682635889
244,Praya,14.9215,-23.5087,72.14,73,20,17.27,CV,1682635889
245,Kidal,18.4411,1.4078,86.31,7,0,6.42,ML,1682635889
246,Port Blair,11.6667,92.75,82.45,77,66,4.43,IN,1682635889
247,Ternate,0.8,127.4,81.63,78,77,2.95,ID,1682635889
248,Uturoa,-16.7333,-151.4333,82.27,76,62,7.29,PF,1682635889
249,Gilford,43.5476,-71.4067,57.52,51,0,4.61,US,1682635838
250,Olonkinbyen,70.9221,-8.7187,28.9,95,100,24.16,SJ,1682635889
251,Gulu,2.7746,32.299,65.17,98,100,3.67,UG,1682635890
252,Hirara,24.8,125.2833,73.67,88,75,8.05,JP,1682635890
253,Sept-Iles,50.2001,-66.3821,46.4,89,75,8.05,CA,1682635890
254,Molina,-35.1167,-71.2833,64.13,59,98,4.61,CL,1682635890
255,Narasapur,16.45,81.6667,79.59,82,1,2.64,IN,1682635890
256,Prince Rupert,54.3161,-130.3201,51.89,59,40,9.22,CA,1682635818
257,Homnabad,17.7667,77.1333,79.48,56,18,6.46,IN,1682635890
258,Richards Bay,-28.783,32.0377,74.44,87,38,16.4,ZA,1682635824
259,Brusyliv,50.2845,29.5263,37.36,85,17,8.16,UA,1682635891
260,Banda Aceh,5.5577,95.3222,79.48,82,100,4.38,ID,1682635891
261,Mugia,43.1041,-9.2179,59.16,75,100,2.75,ES,1682635891
262,Destin,30.3935,-86.4958,70.0,93,20,9.22,US,1682635891
263,Mahina,-17.5065,-149.489,87.57,70,75,6.91,PF,1682635891
264,Brookings,44.3114,-96.7984,63.05,70,100,6.91,US,1682635891
265,Concordia,-31.393,-58.0209,69.87,68,0,4.0,AR,1682635891
266,Cockburn Town,21.4612,-71.1419,78.42,73,85,10.8,TC,1682635892
267,Severnoye,56.3491,78.3619,53.65,60,100,7.29,RU,1682635892
268,Calama,-22.4667,-68.9333,68.49,19,0,21.85,CL,1682635777
269,Darwin,-12.4611,130.8418,81.95,87,75,2.3,AU,1682635626
270,Wakkanai,45.4094,141.6739,45.3,75,77,7.63,JP,1682635892
271,New Norfolk,-42.7826,147.0587,65.7,63,13,8.84,AU,1682635892
272,La Paz,-16.5,-68.15,58.98,26,20,9.22,BO,1682635892
273,Kavaratti,10.5669,72.642,82.81,73,92,4.9,IN,1682635892
274,Dek'Emhare,15.07,39.0475,66.07,59,80,2.55,ER,1682635893
275,Saldanha,-33.0117,17.9442,57.25,83,0,2.53,ZA,1682635893
276,Zhosaly,45.4878,64.0781,62.8,22,0,11.3,KZ,1682635893
277,Zhumysker,49.3333,49.4,58.82,53,86,7.76,KZ,1682635893
278,Sao Luiz Gonzaga,-28.4083,-54.9608,63.37,69,6,4.16,BR,1682635657
279,Nanning,22.8167,108.3167,75.65,91,97,10.65,CN,1682635893
280,Crookston,47.7741,-96.6081,50.88,71,100,8.05,US,1682635893
281,Pitimbu,-7.4706,-34.8086,81.19,81,32,6.69,BR,1682635894
282,Guer,47.9062,-2.1231,58.95,96,100,9.93,FR,1682635894
283,Bredasdorp,-34.5322,20.0403,56.37,85,7,5.46,ZA,1682635894
284,Posto Fiscal Rolim De Moura,-13.0833,-62.2667,78.67,82,83,1.83,BR,1682635894
285,Atafu Village,-8.5421,-172.5159,83.95,72,41,15.86,TK,1682635894
286,Alvorada,-12.48,-49.1247,80.22,60,90,2.82,BR,1682635894
287,Nogliki,51.8333,143.1667,32.02,98,100,8.77,RU,1682635894
288,Howrah,22.5892,88.3103,77.0,83,40,5.75,IN,1682635894
289,Kailua-Kona,19.6406,-155.9956,80.56,83,40,8.05,US,1682635895
290,Veraval,20.9,70.3667,78.19,83,1,8.3,IN,1682635895
291,Copala,16.65,-98.9833,84.9,54,1,10.83,MX,1682635895
292,Rabaul,-4.1967,152.1721,82.54,73,22,0.96,PG,1682635895
293,San Agustin,20.5333,-103.4667,90.52,4,40,5.75,MX,1682635895
294,Uvira,-3.4067,29.1458,73.26,87,88,1.9,CD,1682635895
295,Semnan,35.5729,53.3971,63.55,58,100,8.37,IR,1682635635
296,Darazo,10.9938,10.4118,82.62,39,100,7.54,NG,1682635895
297,Hithadhoo,-0.6,73.0833,83.17,77,99,8.52,MV,1682635895
298,Brooks,50.5834,-111.8851,58.98,27,55,13.8,CA,1682635730
299,Neryungri,56.6709,124.6491,25.75,76,27,0.74,RU,1682635896
300,Chita,52.0333,113.55,28.29,59,21,0.0,RU,1682635626
301,Santa Terezinha,-29.9002,-50.0904,65.34,77,7,7.07,BR,1682635896
302,Eyl,7.9803,49.8164,78.39,78,100,6.26,SO,1682635896
303,Geraldton,-28.7667,114.6,50.41,81,0,11.5,AU,1682635896
304,Nagqu,31.5,92.0,28.63,87,100,4.47,CN,1682635896
305,Suva,-18.1416,178.4415,85.48,74,40,6.91,FJ,1682635897
306,Carutapera,-1.195,-46.02,75.51,93,91,4.12,BR,1682635897
307,Brisas De Zicatela,15.8369,-97.0419,86.52,70,20,11.5,MX,1682635897
308,Jinchang,38.4953,102.1739,35.67,24,53,16.73,CN,1682635897
309,La Sarre,48.8002,-79.1996,43.48,73,100,9.04,CA,1682635897
310,Dawei,14.0833,98.2,77.47,87,12,2.19,MM,1682635897
311,Castillos,-34.1667,-53.8333,59.09,88,7,6.42,UY,1682635897
312,Ellettsville,39.2339,-86.625,66.7,39,100,10.36,US,1682635897
313,Gadzhiyevo,69.2551,33.3362,23.95,85,17,11.65,RU,1682635898
314,Shizuishan,39.2333,106.7694,41.43,26,90,38.16,CN,1682635898
315,Valparaiso,-33.0393,-71.6273,60.44,82,100,6.91,CL,1682635898
316,Voskresenskoye,56.8381,45.4317,46.72,95,1,2.17,RU,1682635898
317,Callao,-12.0667,-77.15,78.71,69,75,13.8,PE,1682635824
318,Saint-Philippe,-21.3585,55.7679,69.39,81,48,10.16,RE,1682635898
319,Ust'-Barguzin,53.45,108.9833,29.59,89,71,1.97,RU,1682635898
320,Meulaboh,4.1363,96.1285,76.6,88,99,2.33,ID,1682635898
321,Aqadyr,48.2553,72.8483,53.22,35,6,6.58,KZ,1682635899
322,Canavieiras,-15.675,-38.9472,75.25,80,0,5.41,BR,1682635899
323,Alo,7.4178,6.7371,76.12,85,100,0.54,NG,1682635899
324,Chinde,26.8418,88.0763,60.91,38,10,5.91,NP,1682635899
325,Nanzhou,29.3596,112.4024,64.74,91,99,2.89,CN,1682635899
326,Yeniseysk,58.4497,92.1703,35.38,98,100,5.88,RU,1682635899
327,Nova Sintra,14.8667,-24.7167,67.82,79,17,21.27,CV,1682635899
328,Hola,51.5377,23.1902,41.18,84,37,5.86,PL,1682635899
329,Hami,42.8,93.45,45.93,15,8,9.57,CN,1682635900
330,Ust-Nera,64.5667,143.2,25.97,83,24,1.79,RU,1682635900
331,Rizokarpaso,35.6,34.375,62.17,78,17,7.14,CY,1682635900
332,Enewetak,11.3474,162.3373,80.64,80,47,21.16,MH,1682635900
333,Mejit,10.2753,170.8646,81.45,80,64,17.4,MH,1682635900
334,City Of Balikpapan,-1.242,116.8942,80.55,89,20,4.61,ID,1682635900
335,Sorong,-0.8833,131.25,80.11,83,87,3.76,ID,1682635901
336,Tindouf,27.6711,-8.1474,90.05,11,0,6.91,DZ,1682635901
337,Juan De Ayolas,-27.4,-56.9,65.46,73,7,4.74,PY,1682635901
338,East London,-33.0153,27.9116,68.95,69,95,7.14,ZA,1682635901
339,Port Saint John'S,-31.6229,29.5448,70.25,86,56,7.18,ZA,1682635901
340,Haiku-Pauwela,20.9219,-156.3051,76.17,82,75,12.66,US,1682635901
341,Worland,44.0169,-107.9554,48.88,52,20,32.21,US,1682635893
342,Santa Ana,33.7456,-117.8678,90.72,60,40,10.36,US,1682635716
343,Socorro,31.6546,-106.3033,84.06,9,8,14.23,US,1682635902
344,La Passe,45.5549,-0.8967,59.23,90,98,3.69,FR,1682635902
345,Rawlins,41.7911,-107.2387,40.89,81,75,24.16,US,1682635902
346,Seven Pagodas,12.6264,80.1722,86.05,78,47,6.11,IN,1682635902
347,Nurota,40.5614,65.6886,60.15,29,0,1.77,UZ,1682635902
348,Meraux,29.933,-89.9498,86.0,62,20,10.36,US,1682635902
349,Cedeira,43.6797,-8.0209,58.39,86,100,3.4,ES,1682635902
350,Klyuchi,52.2667,79.1667,56.32,54,72,9.37,RU,1682635903
351,Nazca,-14.8333,-74.95,76.91,61,5,5.26,PE,1682635903
352,Riverton,40.5219,-111.9391,72.91,26,88,18.99,US,1682635903
353,Bassar,9.25,0.7833,76.53,76,99,4.47,TG,1682635903
354,Ad Dawadimi,24.5077,44.3924,72.75,38,26,7.65,SA,1682635903
355,Swift Current,50.2834,-107.8014,47.21,61,100,23.02,CA,1682635603
356,Tomatlan,19.9333,-105.25,85.77,38,42,10.74,MX,1682635903
357,G'Uzor,38.6214,66.2522,60.84,23,0,8.21,UZ,1682635903
358,Kayenta,36.7278,-110.2546,69.26,13,80,13.85,US,1682635779
359,Santarem,-2.4431,-54.7083,84.33,79,20,6.91,BR,1682635904
360,Isla Aguada,18.7833,-91.4667,87.55,65,68,15.37,MX,1682635904
361,Okhotsk,59.3833,143.3,31.98,77,87,12.01,RU,1682635904
362,Kirkwall,58.9848,-2.9587,42.96,87,75,18.41,GB,1682635904
363,Hawera,-39.5917,174.2833,58.24,62,55,5.84,NZ,1682635904
364,Gopalpur,19.2667,84.9167,81.43,76,4,6.62,IN,1682635904
365,Tabou,4.423,-7.3528,80.33,84,62,5.1,CI,1682635904
366,Port Augusta,-32.5,137.7667,62.2,71,66,5.91,AU,1682635904
367,Luderitz,-26.6481,15.1594,59.58,69,2,11.23,NA,1682635905
368,Zaranj,30.9667,61.8833,80.06,18,92,7.02,AF,1682635905
369,Mpanda,-6.3655,31.0409,63.39,97,36,1.81,TZ,1682635905
370,Tazovsky,67.4667,78.7,19.04,93,100,8.19,RU,1682635905
371,Aleg,17.0481,-13.9209,92.34,12,0,7.67,MR,1682635905
372,Fort Mcmurray,56.7268,-111.381,56.79,35,75,9.22,CA,1682635905
373,Cusseta,32.3054,-84.7727,65.98,94,100,4.63,US,1682635905
374,Kununurra,-15.7667,128.7333,73.38,94,19,0.0,AU,1682635905
375,Nar'Yan-Mar,67.6713,53.087,23.83,88,98,9.04,RU,1682635906
376,Malkara,40.89,26.9011,41.59,86,36,5.39,TR,1682635906
377,Nuku'Alofa,-21.1333,-175.2,79.14,89,75,19.57,TO,1682635810
378,Noyabrsk,63.1994,75.4507,32.36,99,100,2.26,RU,1682635906
379,Guerrero Negro,27.9769,-114.0611,66.09,67,12,18.19,MX,1682635906
380,La Ronge,55.1001,-105.2842,44.85,49,75,4.61,CA,1682635906
381,Broken Hill,-31.95,141.4333,64.22,53,35,8.37,AU,1682635906
382,Menongue,-14.6585,17.691,59.5,51,33,5.21,AO,1682635906
383,Whitehorse,60.7161,-135.0538,45.37,43,75,15.01,CA,1682635907
384,Maun,-19.9833,23.4167,70.92,37,5,6.55,BW,1682635907
385,Alice Springs,-23.7,133.8833,65.75,59,75,9.93,AU,1682635907
386,Chyorny Yar,48.0624,46.1091,59.47,54,49,8.32,RU,1682635907
387,Petropavlovsk-Kamchatsky,53.0452,158.6483,37.99,45,40,4.47,RU,1682635907
388,Tsiombe,-25.3,45.4833,69.06,87,0,9.48,MG,1682635907
389,Miquelon,47.0975,-56.3814,37.4,85,42,15.37,PM,1682635907
390,Hell-Ville,-13.4,48.2667,78.57,84,66,7.81,MG,1682635907
391,Nizao,18.25,-70.2,86.07,69,60,4.45,DO,1682635908
392,Revelstoke,50.9832,-118.2023,64.42,19,75,4.61,CA,1682635908
393,Butembo,0.15,29.2833,58.35,99,86,2.44,CD,1682635908
394,Berdigestyakh,62.0989,126.6992,31.51,98,73,5.41,RU,1682635908
395,Conduaga,8.862,117.4893,80.8,79,96,2.42,PH,1682635908
396,Joao Pinheiro,-17.7425,-46.1725,76.73,51,60,3.98,BR,1682635909
397,Bati,11.1833,40.0167,67.59,69,88,1.28,ET,1682635909
398,Muisne,0.6,-80.0333,81.37,79,56,4.97,EC,1682635909
399,Kushiro,42.975,144.3747,56.35,38,40,13.8,JP,1682635909
400,Rongelap,11.1635,166.8941,80.67,82,56,21.16,MH,1682635909
401,Sanliurfa,37.2128,38.7817,57.07,64,48,3.02,TR,1682635909
402,Fale Old Settlement,-9.3852,-171.2468,83.41,75,100,12.39,TK,1682635909
403,Taksimo,56.3444,114.8794,32.11,62,43,1.14,RU,1682635909
404,Kingston,17.997,-76.7936,82.2,79,100,3.0,JM,1682635805
405,Dompu,-8.5356,118.4622,77.7,92,94,2.42,ID,1682635910
406,Hopewell,37.3043,-77.2872,69.85,62,100,8.3,US,1682635767
407,Zalla,43.2333,-3.1333,59.16,77,0,2.3,ES,1682635910
408,Ishikawa,26.4233,127.8214,71.56,83,0,0.0,JP,1682635910
409,Najaf,31.9985,44.3398,81.36,10,0,9.24,IQ,1682635910
410,Northam,51.0333,-4.2167,53.62,96,100,13.78,GB,1682635910
411,Aykhal,66.0,111.5,19.96,94,98,4.88,RU,1682635910
412,Ta`U,-14.2336,-169.5144,82.71,70,100,9.64,AS,1682635911
413,Galle,6.0367,80.217,78.24,88,74,9.48,LK,1682635911
414,Holualoa,19.6228,-155.9522,76.84,84,40,8.05,US,1682635911
415,Trairi,-3.2778,-39.2689,72.0,95,100,5.21,BR,1682635781
416,Popovo,43.35,26.2333,45.12,86,84,3.4,BG,1682635911
417,Idri,27.5,13.2667,76.32,21,0,11.25,LY,1682635911
418,Mindelo,16.8901,-24.9804,72.95,68,20,16.11,CV,1682635911
419,Marshall,34.3834,-86.3333,65.91,92,100,4.0,US,1682635705
420,Rio Grande,-32.035,-52.0986,73.51,73,0,2.42,BR,1682635912
421,General Acha,-37.377,-64.6043,67.37,45,59,5.84,AR,1682635912
422,Safi,32.1667,-8.8333,75.88,33,94,1.23,MA,1682635912
423,Chorbane,35.2858,10.3858,67.28,57,96,4.36,TN,1682635912
424,Ishigaki,24.3448,124.1572,75.33,88,100,9.22,JP,1682635912
425,Altay,47.8667,88.1167,42.82,41,63,7.25,CN,1682635912
426,Songea,-10.6833,35.65,59.11,85,94,1.5,TZ,1682635912
427,Kuta,-8.7233,115.1723,80.55,94,40,5.99,ID,1682635912
428,Desnogorsk,54.1508,33.2815,43.66,93,100,8.81,RU,1682635913
429,Palangkaraya,-2.2,113.8333,76.14,95,90,0.6,ID,1682635913
430,Akureyri,65.6835,-18.0878,28.33,64,40,6.91,IS,1682635913
431,Rikaze,29.25,88.8833,36.81,47,31,3.18,CN,1682635913
432,Vorkuta,67.5,64.0,21.09,93,51,13.18,RU,1682635913
433,Gleno,-8.7211,125.4359,73.47,83,91,2.84,TL,1682635913
434,Sydney Mines,46.2367,-60.2177,44.26,90,75,8.05,CA,1682635913
435,Sampacho,-33.3839,-64.7221,66.94,44,25,8.3,AR,1682635913
436,Karaton,-6.3424,106.1045,74.25,95,90,1.14,ID,1682635914
437,Kempsey,-31.0833,152.8333,68.95,94,15,3.65,AU,1682635914
438,Horta,38.5333,-28.6333,60.03,89,21,5.99,PT,1682635619
439,Jayapura,-2.5333,140.7,81.79,84,97,3.94,ID,1682635914
440,Harnosand,62.6323,17.9379,33.8,86,100,5.66,SE,1682635914
441,Constitucion,-35.3333,-72.4167,57.31,90,100,4.72,CL,1682635646
442,Tateyama,34.9833,139.8667,64.87,65,27,16.2,JP,1682635914
443,Makarov,48.6333,142.8,39.56,65,4,4.47,RU,1682635915
444,Berbera,10.4396,45.0143,84.76,76,100,1.03,SO,1682635915
445,Flying Fish Cove,-10.4217,105.6791,80.73,82,100,17.6,CX,1682635915
446,Arinos,-15.9169,-46.1056,75.83,43,1,1.83,BR,1682635874
447,Oak Island,33.9166,-78.1611,72.1,83,40,9.22,US,1682635777
448,Malya,-2.9833,33.5167,64.76,82,54,3.96,TZ,1682635915
449,Porto Empedocle,37.2934,13.5264,56.23,77,78,6.04,IT,1682635915
450,Touros,-5.1989,-35.4608,77.56,89,100,6.51,BR,1682635915
451,Belgrade,44.804,20.4651,43.43,79,0,4.61,RS,1682635914
452,Strehaia,44.6167,23.2,42.6,65,48,4.56,RO,1682635916
453,Turar Ryskulov,42.5333,70.3333,56.8,39,3,5.66,KZ,1682635916
454,Muli,2.9167,73.5667,82.89,74,80,4.52,MV,1682635916
455,Bay Roberts,47.5999,-53.2648,36.52,88,47,1.99,CA,1682635916
456,Jumla,29.2747,82.1838,42.57,86,24,3.49,NP,1682635916
457,Mana,5.6592,-53.7767,77.41,88,95,8.66,GF,1682635916
458,Turtas,58.9417,69.1325,50.65,81,43,8.37,RU,1682635916
459,Soller,39.7662,2.7152,65.03,71,60,0.78,ES,1682635917
460,Chonchi,-42.6128,-73.8092,53.11,98,100,5.73,CL,1682635694
461,Tekkali,18.6167,84.2333,79.66,71,9,4.25,IN,1682635917
462,Sambava,-14.2667,50.1667,75.99,86,43,12.93,MG,1682635917
463,El Calafate,-50.3408,-72.2768,43.25,82,79,5.14,AR,1682635917
464,Lorengau,-2.0226,147.2712,83.52,77,82,2.28,PG,1682635917
465,Dongola,19.1667,30.4833,79.66,13,12,12.86,SD,1682635917
466,Rexburg,43.826,-111.7897,69.31,33,75,28.77,US,1682635918
467,Suntar,62.1444,117.6319,30.13,96,98,3.13,RU,1682635918
468,Mahibadhoo,3.7833,72.9667,83.5,73,90,5.01,MV,1682635918
469,Newman,37.3138,-121.0208,91.74,25,9,3.0,US,1682635887
470,Constantia,44.1833,28.65,41.7,62,98,17.16,RO,1682635918
471,Paka,4.6374,103.4368,76.93,94,100,0.0,MY,1682635918
472,Naigarhi,24.7833,81.7833,81.86,32,100,7.16,IN,1682635918
473,Saynshand,44.8824,110.1163,32.23,43,100,11.41,MN,1682635919
474,Port Moresby,-9.4431,147.1797,80.02,89,40,3.44,PG,1682635919
475,Kashgar,39.4547,75.9797,54.61,54,20,13.42,CN,1682635919
476,Bel Ombre,-4.6167,55.4167,78.64,83,75,9.22,SC,1682635919
477,Kruisfontein,-34.0033,24.7314,62.89,85,59,4.38,ZA,1682635919
478,Lozuvatka,48.0571,33.2858,47.55,87,100,12.57,UA,1682635919
479,Lastoursville,-0.8143,12.7287,73.76,94,86,2.51,GA,1682635919
480,Tayaman,13.2295,120.5726,82.58,69,13,5.17,PH,1682635919
481,Santa Cruz,-17.8,-63.1667,75.25,78,40,6.91,BO,1682635920
482,Laojunmiao,39.8333,97.7333,29.98,41,0,7.49,CN,1682635920
483,Nikolayevsk-On-Amure,53.1406,140.73,33.28,92,100,5.95,RU,1682635920
484,Auriflama,-20.6856,-50.5547,68.47,92,8,6.06,BR,1682635920
485,Shaoguan,24.8,113.5833,67.96,86,100,1.81,CN,1682635920
486,Azangaro,-14.9167,-70.2167,45.75,46,95,6.35,PE,1682635920
487,Burutu,5.3509,5.5076,73.13,91,100,5.59,NG,1682635920
488,Parras De La Fuente,25.4167,-102.1833,80.83,8,0,11.01,MX,1682635921
489,Taoudenni,22.6783,-3.9836,89.22,8,1,13.09,ML,1682635921
490,Mangrol,21.1167,70.1167,78.19,82,1,7.81,IN,1682635921
491,Maymana,35.9214,64.7836,63.39,19,0,2.33,AF,1682635921
492,Luanco,43.6152,-5.7934,62.29,96,100,0.96,ES,1682635921
493,Al Kharijah,25.4514,30.5464,75.65,23,0,6.71,EG,1682635921
494,Kenai,60.5544,-151.2583,44.69,56,100,8.05,US,1682635922
495,Wickenburg,33.9686,-112.7296,92.68,8,14,11.81,US,1682635922
496,Barcelos,41.5388,-8.6151,66.85,76,100,4.34,PT,1682635922
497,Xai-Xai,-25.0519,33.6442,70.86,83,81,10.22,MZ,1682635922
498,Sinabang,2.4803,96.3801,79.54,84,100,1.41,ID,1682635923
499,Al Hamul,31.3115,31.1477,60.04,74,46,5.03,EG,1682635923
500,Lata,40.1629,-8.3327,63.91,66,94,2.55,PT,1682635923
501,Timimoun,29.2639,0.231,83.91,10,0,10.87,DZ,1682635923
502,Monrovia,6.3005,-10.7969,80.37,79,23,7.0,LR,1682635923
503,Rawson,-43.3002,-65.1023,60.49,48,92,5.68,AR,1682635924
504,Ndibene Dahra,15.3338,-15.4766,91.38,44,1,13.89,SN,1682635924
505,Gao,16.6362,1.637,83.55,10,0,8.19,ML,1682635924
506,Karratha,-20.7377,116.8463,80.64,54,99,3.53,AU,1682635924
507,Sao Joao Da Barra,-21.6403,-41.0511,77.09,90,61,8.63,BR,1682635924
508,Shahr-E Babak,30.1165,55.1186,54.18,68,92,2.82,IR,1682635925
509,Vrangel',42.7297,133.0839,46.6,85,100,2.93,RU,1682635925
510,Howard Springs,-12.497,131.047,81.88,83,87,6.51,AU,1682635925
511,South Apopka,28.6619,-81.5095,79.99,94,100,7.47,US,1682635925
512,Pariaman,-0.619,100.12,75.25,91,100,3.98,ID,1682635925
513,Papao,-17.75,-149.55,87.48,74,80,5.93,PF,1682635926
514,Fort Morgan,40.2503,-103.8,58.42,50,100,27.63,US,1682635926
515,Greymouth,-42.4667,171.2,57.56,64,7,0.98,NZ,1682635926
516,Argo,37.6333,22.7333,55.78,70,93,2.62,GR,1682635926
517,Nishinoomote,30.7333,131.0,66.88,71,86,13.18,JP,1682635926
518,Calabozo,8.9242,-67.4293,90.86,44,99,2.89,VE,1682635926
519,Sao Fidelis,-21.6461,-41.7469,76.95,96,47,2.15,BR,1682635757
520,San Ramon De La Nueva Oran,-23.1322,-64.326,69.42,77,2,0.58,AR,1682635927
521,Codrington,-38.2667,141.9667,53.71,83,98,15.23,AU,1682635927
522,Bodo,67.28,14.405,41.95,94,100,1.14,NO,1682635927
523,Alofi,-19.0595,-169.9187,80.49,89,75,8.05,NU,1682635927
524,Rundu,-17.9333,19.7667,66.34,36,9,4.21,NA,1682635927
525,Nizhneudinsk,54.9076,99.0276,35.1,95,100,3.91,RU,1682635927
526,Khabary,53.6259,79.5345,57.79,49,81,12.1,RU,1682635928
527,Amga,60.8953,131.9608,32.72,91,100,1.61,RU,1682635928
528,Bikenibeu Village,1.3673,173.1241,85.96,74,20,11.5,KI,1682635928
529,Isla Mujeres,21.2311,-86.731,84.16,79,100,14.5,MX,1682635928
530,Krasnyy Chikoy,50.3643,108.7512,28.89,88,87,4.03,RU,1682635928
531,Dapa,9.7594,126.0531,82.42,77,100,6.51,PH,1682635928
532,Ola,59.5833,151.2833,32.81,75,2,9.82,RU,1682635929
533,Embi,48.8264,58.1442,61.93,65,100,9.73,KZ,1682635929
534,Bari Sadri,24.4167,74.4667,73.81,50,99,3.98,IN,1682635929
535,Novo Aripuana,-5.1206,-60.3797,77.02,91,58,1.68,BR,1682635929
536,East Ballina,-28.8667,153.5833,64.8,73,35,3.15,AU,1682635929
537,Prado,-17.3411,-39.2208,77.18,84,0,9.4,BR,1682635874
538,Klaksvik,62.2266,-6.589,34.72,58,100,14.41,FO,1682635930
539,Mesyagutovo,55.5303,58.2528,53.15,70,54,6.24,RU,1682635930
540,Chingirlau,51.095,54.0814,55.33,61,29,8.57,KZ,1682635930
541,Ugoofaaru,5.6667,73.0,83.41,74,62,3.98,MV,1682635931
542,San Nicolas De Bari,22.7844,-81.9133,84.7,58,91,11.21,CU,1682635931
543,Puerto Deseado,-47.7503,-65.8938,52.47,47,40,11.5,AR,1682635931
544,Lakhdaria,36.5646,3.5933,59.07,34,74,4.38,DZ,1682635931
545,Tralee,52.2704,-9.7026,48.9,95,81,3.8,IE,1682635931
546,Morehead City,34.7229,-76.726,71.64,86,100,10.0,US,1682635932
547,Dabeiba,7.0017,-76.2672,76.08,98,100,2.95,CO,1682635932
548,Igrim,63.1906,64.4162,26.4,89,96,12.77,RU,1682635932
549,Neelankarai,12.9455,80.2575,86.05,84,40,2.3,IN,1682635932
550,Dhidhdhoo,6.8833,73.1,83.8,74,99,3.96,MV,1682635933
551,Kapa'A,22.0752,-159.319,82.38,66,0,11.5,US,1682635933
552,Llallagua,-18.4167,-66.6333,50.11,38,29,6.29,BO,1682635933
553,Pimenta Bueno,-11.6725,-61.1936,74.52,92,10,1.48,BR,1682635875
554,Kosh-Agach,50.0,88.6667,30.56,74,98,0.69,RU,1682635933
555,Wamba,8.9333,8.6,73.96,84,100,5.82,NG,1682635934
556,El Abiodh Sidi Cheikh,32.893,0.5484,77.45,14,37,3.33,DZ,1682635934
557,Tamiahua,21.2667,-97.45,82.15,77,100,10.2,MX,1682635934
558,Jiaojiang,28.6803,121.4428,61.0,81,77,2.15,CN,1682635934
559,Tonghae,37.5439,129.1069,61.77,47,0,5.68,KR,1682635935
560,Pangody,65.85,74.4859,21.38,94,100,17.38,RU,1682635935
561,Cassilandia,-19.1133,-51.7342,70.61,89,22,4.56,BR,1682635935
562,Verkhnevilyuysk,63.4453,120.3167,30.72,92,86,2.98,RU,1682635935
563,Yarmouth,41.7057,-70.2286,51.8,82,100,8.05,US,1682635936
564,Kez,57.8979,53.7152,45.93,94,48,6.62,RU,1682635936
565,Corumba,-19.0092,-57.6533,78.6,65,81,3.36,BR,1682635936
566,Lerwick,60.1545,-1.1494,39.2,81,84,16.6,GB,1682635936
567,Bokhan,53.153,103.7714,32.81,80,96,3.67,RU,1682635936
568,Happy Valley-Goose Bay,53.3168,-60.3315,50.31,46,75,6.91,CA,1682635937
569,Marsa Alam,25.0757,34.8918,77.4,37,0,3.58,EG,1682635937
570,Pacific Grove,36.6177,-121.9166,79.34,74,0,10.0,US,1682635844
571,Goundam,16.4145,-3.6708,83.43,9,0,5.44,ML,1682635937
572,Gusinoozyorsk,51.2833,106.5,28.92,77,42,3.36,RU,1682635937
573,Aberdeen,57.1437,-2.0981,45.19,95,100,13.8,GB,1682635898
574,Balqash,46.8481,74.995,56.28,44,25,11.97,KZ,1682635938
575,Port Macquarie,-31.4333,152.9167,68.9,78,14,7.16,AU,1682635938
576,Khandyga,62.6667,135.6,30.49,89,92,0.36,RU,1682635938
577,Entebbe,0.0644,32.4469,71.92,94,20,2.3,UG,1682635938
578,Belomorsk,64.5232,34.7668,32.34,93,100,10.38,RU,1682635939
579,Twentynine Palms,34.1356,-116.0542,93.97,7,0,3.0,US,1682635687
580,Korla,41.7597,86.1469,53.96,25,4,4.72,CN,1682635939
581,Kalymnos,36.95,26.9833,56.73,67,20,17.27,GR,1682635939
582,Glace Bay,46.1969,-59.957,42.89,88,75,8.05,CA,1682635803
583,Chancay,-11.5714,-77.2672,73.99,81,29,8.41,PE,1682635940
584,Niafunke,15.9322,-3.9906,86.38,8,0,4.52,ML,1682635940
585,Tingi,-11.3,35.0333,58.14,91,43,2.84,TZ,1682635940
586,Chernyshevsk,52.5243,117.0174,36.41,46,24,13.53,RU,1682635940
587,Kilindoni,-7.9139,39.6668,80.19,79,95,17.87,TZ,1682635940
588,Island Harbour,50.724,-1.2758,55.15,96,100,5.99,GB,1682635941
589,Ankang,32.68,109.0172,61.63,75,100,4.56,CN,1682635941
590,Bafq,31.6128,55.4107,63.01,69,98,2.86,IR,1682635941
591,Black Point,-34.6187,137.8972,60.87,63,98,14.67,AU,1682635941
